article;type;approach;sub_type;year;temporal_range;spatial_range;taxonomic_coverage;n_species;n_samples;data ;ecological_level;metric_method;category;sub_category;conclusion;simple_conclusion;causes;additional_comments
Dornelas, M. et al. Assemblage Time Series Reveal Biodiversity Change but Not Systematic Loss. Science (New York, N.Y.) 344, 296–9 (2014).;Biodiversity analysis;top-down;trend;2014;1874-2015;Africa, America, Asia, Europe, Oceania;mammals, birds, amphibians, reptiles, fishes, insects, invertebrates, plants;35613;100;Biotime;SR;Turnover, GLMM;indicators;turnover;Both increase and decrease, turnover;mixed trends;No;Turnover using Jaccard
Jutro, P. R. Biological diversity, ecology, and global climate change. Environ Health Perspect 96, 167–170 (1991).;Review biodiversity;bottom-up;trend;1991;/;/;/;/;/;/;/;/;/;/;Decrease and turnover;decreasing trends;No;/
Hillebrand, H. et al. Biodiversity change is uncoupled from species richness trends: Consequences for conservation and monitoring. Journal of Applied Ecology 55, 169–184 (2018).;Biodiversity analysis;top-down;trend;2018;2000-2015;Africa, America, Asia, Europe, Oceania;plants;unknown;unknown;Aggregation;SR;Turnover, GLM ;indicators;turnover;No change in SR, turnover;mixed trends;No;Turnover using SER (species-exchange ratio)
Daskalova, G. N. et al. Landscape-scale forest loss as a catalyst of population and biodiversity change. Science 368, 1341–1347 (2020).;Biodiversity analysis;top-down;trend;2020;1874-2015;Africa, America, Asia, Europe, Oceania;mammals, birds, amphibians, reptiles, fishes, insects, invertebrates, plants;730;6090;Biotime, LPD;Abundance, SR;Turnover, SSM, GLMM;indicators;turnover;Both increase and decrease, turnover;mixed trends;Forest loss;/
Daskalova, G. N. et al. Landscape-scale forest loss as a catalyst of population and biodiversity change. Science 368, 1341–1347 (2020).;Biodiversity analysis;top-down;drivers;2020;1874-2015;Africa, America, Asia, Europe, Oceania;mammals, birds, amphibians, reptiles, fishes, insects, invertebrates, plants;730;6090;Biotime, LPD;Abundance, SR;Turnover, SSM, GLMM;anthropogenic;anthropogenic;Both increase and decrease, turnover;it depends;Forest loss;/
Chase, J. M. et al. Species richness change across spatial scales. Oikos 128, 1079–1091 (2019).;Method analysis;/;/;2019;1982-2011;America, Europe;birds, invertebrates, plants;unknown;unknown;Aggregation;SR;LRS (log ratio of species richness) versus log spatial scale (linear model);;;Scale-dependance of SR;irrelevant;No;/
Waldron, A. et al. Reductions in global biodiversity loss predicted from conservation spending. Nature 551, 364–367 (2017).;Biodiversity analysis;top-down;drivers;2017;1996-2008;Africa, America, Asia, Europe, Oceania;mammals, birds;unknown;unknown;Other;Index;BDS, GAM, GLM;conservation;conservation;Conservation spending reduce BDS;no/positive effect of drivers;Conservation spending, GDP growth, agricultural expansion;Metric =  RL category, BDS = biodiv decline score (sort of RLI)
Manes, S. et al. Endemism increases species’ climate change risk in areas of global biodiversity importance. Biological Conservation 257, 109070 (2021).;Biodiversity analysis;bottom-up;drivers;2021;unknown;Africa, America, Asia, Europe, Oceania;mammals, birds, amphibians, reptiles, fishes, insects, invertebrates, plants;unknown;unknown;Aggregation;Abundance, SR;percent magnitude of change between current and future time periods, GLMM;CC;CC;Endemic species more negatively affected by CC;negative effect of drivers;CC;/
Vellend, M. et al. Global meta-analysis reveals no net change in local-scale plant biodiversity over time. PNAS 110, 19456–19459 (2013).;Biodiversity analysis;top-down;trend;2013;unknown;Africa, America, Asia, Europe, Oceania;plants;unknown;16000;Aggregation;SR;Linear regression, GLM;population model;statistical model;Both increase and decrease;mixed trends;CC, invasions, fire, storms, logging;/
Vellend, M. et al. Global meta-analysis reveals no net change in local-scale plant biodiversity over time. PNAS 110, 19456–19459 (2013).;Biodiversity analysis;top-down;drivers;2013;unknown;Africa, America, Asia, Europe, Oceania;plants;unknown;16000;Aggregation;SR;Linear regression, GLM;CC;CC;Both increase and decrease;it depends;CC, invasions, fire, storms, logging;/
Blowes, S. A. et al. The geography of biodiversity change in marine and terrestrial assemblages. Science 366, 339–345 (2019).;Biodiversity analysis;top-down;trend;2019;1874-2015;Africa, America, Asia, Europe, Oceania;mammals, birds, amphibians, reptiles, fishes, insects, invertebrates, plants;44440;51932;Biotime;SR;Turnover, Hierarchical GLM;indicators;turnover;SR change in marine > SR change in terrestrial, turnover (~28 % per decade), higher variations in rates of turnover in marine ;it depends;No;/
Record, S. et al. Novel Insights to Be Gained From Applying Metacommunity Theory to Long-Term, Spatially Replicated Biodiversity Data. Frontiers in Ecology and Evolution 8, 479 (2021).;Review methods;/;/;2021;/;/;birds, invertebrates, plants;/;/;LTER;/;/;/;/;Challenges synthetizing long-term ecological data : scale mismatch among datasets (temporal and/or spatial), rare species (observation error + stochastic dynamics), economies of scale (temporal or spatial), different metrics;irrelevant;No;/
Saha, A. et al. Tracking Global Population Trends: Population Time-Series Data and a Living Planet Index for Reptiles. hpet 52, 259–268 (2018).;Biodiversity analysis;top-down;trend;2018;1970-2012;Africa, America, Asia, Europe, Oceania;reptiles;194;549;LPD;Abundance;LPI, CI;indicators;index;Decrease (54-55%), freshwater and marine most dramatic;decreasing trends;No;Metric = LPI, Caveats : america/europe +++, tropics underrepresented, threatened species overrepresented
Wilson, R. J. & Fox, R. Insect responses to global change offer signposts for biodiversity and conservation. Ecological Entomology 46, 699–717 (2021).;Review biodiversity;bottom-up;trend;2021;/;/;insects;/;/;/;/;/;/;/;Abundance/biomass decline for terrestrial (-8,8 % per decade), increase FW (+11,3% per d);it depends;No;
Lepetz, V., Massot, M., Schmeller, D. S. & Clobert, J. Biodiversity monitoring: some proposals to adequately study species’ responses to climate change. Biodivers Conserv 18, 3185 (2009).;Review methods;/;/;2009;/;/;/;/;/;/;/;/;/;/;Correlative approaches/modelling approaches/experimental approaches/meta-analysis;irrelevant;No;See « mess » for details
Dobson, A. Monitoring global rates of biodiversity change: challenges that arise in meeting the Convention on Biological Diversity (CBD) 2010 goals. Philos Trans R Soc Lond B Biol Sci 360, 229–241 (2005).;Review methods;/;/;2005;/;/;/;/;/;/;/;/;/;/;unbiased (taxo/geo) measures needed, homogenized data collection, regularly sampled (at least 3 times);irrelevant;No;/
Bailey, S. A. et al. Trends in the detection of aquatic non-indigenous species across global marine, estuarine and freshwater ecosystems: A 50-year perspective. Diversity and Distributions 26, 1780–1797 (2020).;Biodiversity analysis;top-down;trend;2020;1965-2010;Africa, America, Asia, Europe, Oceania;fishes, invertebrates, plants;1442;2209;Aggregation;SR, others;ten-year mean detection rate of ANS, GLM;indicators;index;"Peak of introduction in 60s, decrease last 5yrs ; most ANS were likely introduced as stowaways in ships’ ballast water or biofouling (40% of primary detection events)";increasing trends;No;Metric = Population statuts (IUCN-like), pathways of introduction (CBD), rate of detection, SR. Relevance ? Trends in detection
Pereira, H. M., Navarro, L. M. & Martins, I. S. Global Biodiversity Change: The Bad, the Good, and the Unknown. Annual Review of Environment and Resources 37, 25–50 (2012).;Review biodiversity;bottom-up;trend;2012;/;/;/;/;/;/;/;/;/;/;"Alterations and losses : humans shaping ES (35-40% forests/natural ice-free habitats converted to cropland/pasture) ; historical perspective (rôle of humans) ; recent trends (declines in abundance, shifts, loss of genetic diversity) ; pressures (habitat loss, overexploitation, pollution, invasive species, CC) ";decreasing trends;CC, human activities;See « mess » for details
Pereira, H. M., Navarro, L. M. & Martins, I. S. Global Biodiversity Change: The Bad, the Good, and the Unknown. Annual Review of Environment and Resources 37, 25–50 (2012).;Review biodiversity;bottom-up;drivers;2012;/;/;/;/;/;/;/;/;/;/;"Alterations and losses : humans shaping ES (35-40% forests/natural ice-free habitats converted to cropland/pasture) ; historical perspective (rôle of humans) ; recent trends (declines in abundance, shifts, loss of genetic diversity) ; pressures (habitat loss, overexploitation, pollution, invasive species, CC) ";negative effect of drivers;CC, human activities;See « mess » for details
Seebens, H. et al. Global rise in emerging alien species results from increased accessibility of new source pools. PNAS 115, E2264–E2273 (2018).;Biodiversity analysis;top-down;trend;2018;1950-2005;Africa, America, Asia, Europe, Oceania;mammals, birds, fishes, insects, invertebrates, plants;16019;45984;Aggregation;Abundance;GAMM;population model;statistical model;Increase of emerging alien species, expected to decline next;increasing trends;No;Metric = Records of emerging and non emerging alien species
Knape, J. & de Valpine, P. Are patterns of density dependence in the Global Population Dynamics Database driven by uncertainty about population abundance? Ecology Letters 15, 17–23 (2012).;Method analysis;/;/;2012;unknown;unknown;unknown;unknown;627;GPDD;Abundance;Stochastic Gompertz State Space;;;Density dependance from 56 % to 16 % when observation error is incorporated;irrelevant;No;
Gonzalez, A. et al. Estimating local biodiversity change: a critique of papers claiming no net loss of local diversity. Ecology 97, 1949–1960 (2016).;Biodiversity analysis;top-down;trend;2016;1874-2015;Africa, America, Asia, Europe, Oceania;mammals, birds, amphibians, reptiles, fishes, insects, invertebrates, plants;35613;16100;Aggregation;SR;Turnover, GLMM;indicators;turnover;Requestionning Dornelas and Vellend, spatially biaised, impact of the length of teh TS (longer = more decline), lack of historical baselines;it depends;No;keep for length of time series
Davison, C. W., Rahbek, C. & Morueta-Holme, N. Land-use change and biodiversity: Challenges for assembling evidence on the greatest threat to nature. Global Change Biology 27, 5414–5429 (2021).;Review methods;/;/;2021;/;/;/;/;/;/;/;/;/;/;"LUC impacts on biodiversity : space-for-time substitution (decrease SR/abundance, shift in composition ; miss temporal aspect), time series (miss change in composition) ; measure LUC : categories (simplification), direct local observation (limited in spatial scale), RS (limited in temporal scale) ; measure biodiv : richness/abundance most common";irrelevant;LUC;Geographic/taxonomic bias
Houlahan, J. E., Findlay, C. S., Schmidt, B. R., Meyer, A. H. & Kuzmin, S. L. Quantitative evidence for global amphibian population declines. Nature 404, 752–755 (2000).;Biodiversity analysis;top-down;trend;2000;1950-1997;Africa, America, Asia, Europe, Oceania;amphibians;157;936;Aggregation;Abundance;ΔN method, proportion of declining population method;population model;statistical model;"ΔN : No significant trend before 1960, steep decline 1960-66 (15%), shallower 1966-1997 (2%) ; 56,6% declining populations";decreasing trends;No;/
Thibaut, L. M. & Connolly, S. R. Hierarchical modeling strengthens evidence for density dependence in observational time series of population dynamics. Ecology 101, e02893 (2020).;Method analysis;/;/;2020;unknown;unknown;unknown;unknown;627;GPDD;Abundance;Stochastic Gompertz State Space and variations;;;Accounting for process + observation error critical not to overestimate DD, /!\ reduces statistical power. To increase it: longer time series, replicated sampling, TS w/ large excursions from carrying capacity=much more info on DD ;irrelevant;No;/
Theobald, E. J. et al. Global change and local solutions: Tapping the unrealized potential of citizen science for biodiversity research. Biological Conservation 181, 236–244 (2015).;Review methods;/;/;2015;/;/;/;/;/;/;/;/;/;/;Citizen science underused, yet good resource with same spatial/taxonomic coverage as scientific surveys, bias consistent with professionnals. 12% used in science according to web site, between 45/60% according to managers of the survey.;irrelevant;No;See « mess » for details
Courtney, T. A. et al. Disturbances drive changes in coral community assemblages and coral calcification capacity. Ecosphere 11, e03066 (2020).;Biodiversity analysis;top-down;trend;2020;1996-2016;Marine;invertebrates;84;121;Other;Index;Linear regression, GLMM;population model;statistical model;Lower/more variable CCC, variability due to life-history strategies;decreasing trends;No;"Index = CCC = coral calcification capacity = estimate of the annual reef-scale calcification rate ; data from a previous study"
Knape, J. & de Valpine, P. Effects of weather and climate on the dynamics of animal population time series. Proceedings of the Royal Society B: Biological Sciences 278, 985–992 (2011).;Biodiversity analysis;top-down;drivers;2011;unknown;America, Europe;mammals, birds, insects;unknown;492;GPDD;Abundance;AR models;CC;CC;"Statistical signatures of weather weak or absent in most datasets; but evidence that weather plays a role in explaining the dynamics of at least some species. To imply weather: focus on specific populations and a priori hypotheses about which weather factors are important may reduce the number of covariates that need to be tested, reduce the risk of overfitting, increase the power of the analysis.";it depends;Weather;/
Bhowmick, A., Saha, B., Chattopadhyay, J., Ray, S. & Bhattacharya, S. Cooperation in species: Interplay of population regulation and extinction through global population dynamics database. Ecological Modelling 312, (2015).;Method analysis;/;/;2015;unknown;unknown;mammals, birds, fishes, insects;unknown;715;GPDD;Abundance;Theta-logistic w/ cooperation (own model);;;"4 % of fitted pop better w/ cooperation (γ parameter) ; if γ above threshold = chaos (early warning signals of extinction)";irrelevant;No;/
Mantyka-pringle, C. S., Martin, T. G. & Rhodes, J. R. Interactions between climate and habitat loss effects on biodiversity: a systematic review and meta-analysis. Global Change Biology 18, 1239–1252 (2012).;Biodiversity analysis;bottom-up;drivers;2012;1950-2000;Africa, America, Asia, Europe, Oceania;mammals, birds, amphibians, reptiles, invertebrates, plants;unknown;1779;Aggregation;Abundance, SR, density;Meta-analysis, GLMM;CC;CC;"Meta-analysis : effect of habitat loss on biodiv (significantly positive n=312, negative n=647, null n=820) ; logistic regression : effects of CC on habitat loss (dominant drivers = mean current T° and mean precipitation change) : Habitat loss and fragmentation effects were greatest in areas with high temperatures; lowest in areas where precipitation has increased most. ";negative effect of drivers;Habitat loss, CC;/
Comte, L. & Lenoir, J. Decoupled land–sea biodiversity trends. Nature Ecology & Evolution 4, 1–2 (2020).;Biodiversity analysis;top-down;drivers;2020;1900-2016;Africa, America, Asia, Europe, Oceania;mammals, birds, amphibians, reptiles, fishes, insects, invertebrates, plants;unknown;21500;Biotime;Abundance, SR;Linear regression, GLM;CC;CC;"Global warming effects higher in marine assemblages (even if T° increases 2x faster in land) ; impacts vary between oceans : CC not only driver. Species gains currently outpace species losses => delayed extinction of sensitive species?";negative effect of drivers;CC;/
Wagner, D. L., Fox, R., Salcido, D. M. & Dyer, L. A. A window to the world of global insect declines: Moth biodiversity trends are complex and heterogeneous. PNAS 118, (2021).;Biodiversity analysis;top-down;trend;2021;1970-2019;America, Europe;insects;unknown;unknown;Aggregation;Abundance, density ;Linear trends, hierarchical bayesian linear regression;population model;statistical model;Both increase and decrease;it depends;No;"GB, Arizona, Ecuador, Costa Rica ; number of species for GB only"
Sirami, C. et al. Impacts of global change on species distributions: obstacles and solutions to integrate climate and land use. Global Ecology and Biogeography 26, 385–394 (2017).;Review biodiversity;bottom-up;drivers;2017;/;/;/;/;/;/;/;/;/;/;"Integration CC/LUC ; CC more integrated ; poor level of true integration => jeopardize our understanding of the impacts of CC on species + inappropriate management strategies ; why ? Assume mismatch scale LUC/CC act, lack correlations/covariations + w/ other drivers";it depends;CC, LUC;/
Ferrier, S., Harwood, T. D., Ware, C. & Hoskins, A. J. A globally applicable indicator of the capacity of terrestrial ecosystems to retain biological diversity under climate change: The bioclimatic ecosystem resilience index. Ecological Indicators 117, 106554 (2020).;Method analysis;/;/;2020;2000-2014;America, Africa, Asia ;mammals, amphibians, reptiles, insects, plants;unknown;411348;Aggregation;Occurence;Generalised dissimilarity models (GDM);;;Creation BERI (Bioclimatic Ecosystem Resilience Index) for Aichi Target 15, predictions based on turnover (calc w/ GDM), climate scenarios, change in habitat conditions.;irrelevant;No;"Aichi T15=ES resilience improvement ; number of records : 99,283,414 ; test BERI only in Moist Tropical Forest biome → habitat loss and fragmentation key determinants in ES resilience. Relevance ? Temporal ?"
Rocha-Ortega, M., Rodriguez, P. & Córdoba-Aguilar, A. Geographical, temporal and taxonomic biases in insect GBIF data on biodiversity and extinction. Ecological Entomology 46, 718–728 (2021).;Method analysis;/;/;2021;1600-2020;Africa, America, Asia, Europe, Oceania;insects;61512;61512;GBIF;SR;Descriptive statistics;;;Geographical (Europe 82 % completness, North America 68%), temporal (all orders have been more sampled in the most recent period = 1981–2020) and taxonomic (17 % of the species described by IUCN, aquatic>terrestrial) biases in insect GBIF data. Human footprint : different zones identified for consevration management;irrelevant;Human footprint;/
Keith, D. et al. Temporal correlations in population trends: Conservation implications from time-series analysis of diverse animal taxa. Biological Conservation 192, 247–257 (2015).;Biodiversity analysis;top-down;trend;2015;unknown;Africa, America, Asia, Europe, Oceania;mammals, birds, fishes;unknown;1319;Aggregation;Abundance;Linear regression, GLM;population model;statistical model;"Prediction of trends using past trends : past pop growth = good predictor for birds (positive corr) and mammals/fishes (negative corr) ; rassess = growth rate assessment = mostly negative for empirical data ";decreasing trends;No;Need to measure and track more than just trends in abundance over time = tack changes in demographic, environmental, and ecosystems parameters + conservation measures and threats
Ibáñez, I. et al. Moving forward in global-change ecology: capitalizing on natural variability. Ecology and Evolution 3, 170–181 (2013).;Review methods;/;/;2013;/;/;/;/;/;/;/;/;/;/;Methods to forecast biodiversity responses to CC (need short term responses) : habitat suitability models (miss interactions), manipulative experiments (miss shifts in direction). More relevant : mechanistic niche models,  translocation experiments and gene expression, studies along environmental gradient;irrelevant;No;See « mess » for details, relevance (temporal) ??
Bellard, C., Bertelsmeier, C., Leadley, P., Thuiller, W. & Courchamp, F. Impacts of climate change on the future of biodiversity. Ecology Letters 15, 365–377 (2012).;Review biodiversity;bottom-up;drivers;2012;/;/;/;/;/;/;/;/;/;/;Impact CC on future biodiv : decrease genetic biodiv, affect ES functionning/resilience/interactions, tipping points. Changes : spatial (distribution), temporal (keep synchrony w/ abiotic factors =>  increase asynchrony in interspecific interactions), self (behaviour, physiology). Assessing future of biodiv : biodiversity range models, species loss models, intactness index, combination (eco-socio scenario ± extinction drivers ± biodiv range/sp loss model)…;negative effect of drivers;CC;Further improvements needed : robust climate scenarios, biodiv measures (taxonomic/geo bias + most focus on SR atm), predictive tools for temporal/self changes, positive effects/co-extinctions/synergies between drivers
Pievani, T. The sixth mass extinction: Anthropocene and the human impact on biodiversity. Rend. Fis. Acc. Lincei 25, 85–93 (2014).;Review biodiversity;bottom-up;trend;2014;/;/;/;/;/;/;/;/;/;/;"Components united causing previous 5 mass extinctions (ME) :  accelerated climate dynamics / changes in atmospheric conditions / abnormally high-intensity ecological stressors ; characteristics : low level of selectivity / abnormal rates of extinctions of families (20-65%) and species (50-95%) / speed = 1000s years to 10 millions => all conditions are there for 6th ME. Over the past 500 years: 22% extinctions mammals, 47-56% extinctions gastropods/bivalves. In just 8 years extinction of 1000s of endemic species recorded. ";decreasing trends;No;See « mess » for details
Nunez, S. & Alkemade, R. Exploring interaction effects from mechanisms between climate and land-use changes and the projected consequences on biodiversity. Biodivers Conserv 30, 3685–3696 (2021).;Biodiversity analysis;bottom-up;trend;2021;1992-2015;Africa, America, Asia, Europe, Oceania;mammals, birds, amphibians, reptiles, insects, plants;unknown;unknown;Aggregation;SR;FRS (Fraction of Remaining Species), GLMM;indicators;index;General decline FRS (12-14%), Global mean temperature good predictor for biodiv decline, interaction between 2 drivers (CC/LUC) not significant;decreasing trends;CC, LUC;/
Nunez, S. & Alkemade, R. Exploring interaction effects from mechanisms between climate and land-use changes and the projected consequences on biodiversity. Biodivers Conserv 30, 3685–3696 (2021).;Biodiversity analysis;bottom-up;drivers;2021;1992-2015;Africa, America, Asia, Europe, Oceania;mammals, birds, amphibians, reptiles, insects, plants;unknown;unknown;Aggregation;SR;FRS (Fraction of Remaining Species), GLMM;CC;CC;General decline FRS (12-14%), Global mean temperature good predictor for biodiv decline, interaction between 2 drivers (CC/LUC) not significant;negative effect of drivers;CC, LUC;/
Sundqvist, M. K., Sanders, N. J. & Wardle, D. A. Community and Ecosystem Responses to Elevational Gradients: Processes, Mechanisms, and Insights for Global Change. Annual Review of Ecology, Evolution, and Systematics 44, 261–280 (2013).;Review biodiversity;bottom-up;drivers;2013;/;/;/;/;/;/;/;/;/;/;Community structure (turnover/ interactions)and ES processes(litter decomposition, nutrient cycling) vary among elevation gradients (due to change in T° and other factors). Variety of responses. Most common pattern = peak in diversity at mid-elevations.;it depends;CC;/
Wojtal-Frankiewicz, A. The effects of global warming on Daphnia spp. population dynamics: a review. Aquat Ecol 46, 37–53 (2012).;Review biodiversity;bottom-up;drivers;2012;/;/;invertebrates;/;/;/;/;/;/;/;Effects (direct and indirect) of warming on ecology and biology (metabolism, growth, reproduction, predator prey system disturbance, modif behaviour). ± important depending on seasonal timing (critical = winter/spring : high water temperature in winter = mid-summer decline);negative effect of drivers;CC;"« The study of large-scale climatic fluctuations has revealed strong nonlinear processes shaping population dynamics » ; /!\ generalization = studies gathered on single lakes"
Shimadzu, H., Dornelas, M. & Magurran, A. E. Measuring temporal turnover in ecological communities. Methods in Ecology and Evolution 6, 1384–1394 (2015).;Method analysis;/;/;2015;/;/;/;/;/;/;/;/;;;New turnover measure comparison w/ Jaccard & Bray Curtis (simulation + case study) = additional insights ;irrelevant;No;/
Collins, J. P. & Halliday, T. Forecasting changes in amphibian biodiversity: aiming at a moving target. Philos Trans R Soc Lond B Biol Sci 360, 309–314 (2005).;Review biodiversity;bottom-up;trend;2005;/;/;amphibians;/;/;/;Monitoring : species number, population sizes, population numbers;/;/;/;Decline;decreasing trends;No;More people probably monitoring declining population + incertainty total number of species. Need long term monitoring (30yrs) because large annual fluctuations
Nowakowski, A. J., Thompson, M. E., Donnelly, M. A. & Todd, B. D. Amphibian sensitivity to habitat modification is associated with population trends and species traits. Global Ecology and Biogeography 26, 700–712 (2017).;Biodiversity analysis;top-down;trend;2017;1986-2015;Africa, America, Asia, Oceania;amphibians;200;47;Aggregation;Other, Index;Count of existing, GLMM;indicators;index;High SHM correlated with elevated range-wide extinction risk and declining population trends;decreasing trends;No;Other = Sensitivity to Habitat Modifications (SHM)
Brooke, M. de L. et al. Rates of movement of threatened bird species between IUCN red list categories and toward extinction. Conserv Biol 22, 417–427 (2008).;Biodiversity analysis;top-down;drivers;2008;1988-2004;Africa, America, Asia, Europe, Oceania;birds ;206;206;Aggregation;Other;RLI;conservation;conservation;Rates of change in IUCN categories 2 to 10 times lower than predicted = impact of conservation;no/positive effect of drivers;Conservation;/
Sévêque, A., Gentle, L. K., Vicente López-Bao, J., Yarnell, R. W. & Uzal, A. Impact of human disturbance on temporal partitioning within carnivore communities. Mammal Review 52, 67–81 (2022).;Biodiversity analysis;bottom-up;drivers;2022;unknown;Africa, America, Asia, Europe, Oceania;mammals;22;217;Aggregation;Other;Count of existing, GLMM;anthropogenic;anthropogenic;Temporal niche partitioning to limit synchronous activity, hyp = human → disruption of temporal niche (increase overlap). Results : No impacts of humans on a global scale = may be context dependant + relative to other drivers;it depends;Influence of human, meteorological, ecological variables;Other = coefficient of temporal overlap, Coef from Ridout and Linkie (2009).
Blaustein, A. R. et al. The complexity of amphibian population declines: understanding the role of cofactors in driving amphibian losses. Ann N Y Acad Sci 1223, 108–119 (2011).;Review biodiversity;bottom-up;trend;2011;/;/;amphibians;/;/;/;/;/;/;/;"Declines ; causes = habitat destruction, pollution, invasive species, diseases, CC, overexploitation. Interacting cofactors overlooked => high degree of spatial/temporal variation in drivers = variations in the way they contribute to declines";decreasing trends;CC, human activities;/
Blaustein, A. R. et al. The complexity of amphibian population declines: understanding the role of cofactors in driving amphibian losses. Ann N Y Acad Sci 1223, 108–119 (2011).;Review biodiversity;bottom-up;drivers;2011;/;/;amphibians;/;/;/;/;/;/;/;"Declines ; causes = habitat destruction, pollution, invasive species, diseases, CC, overexploitation. Interacting cofactors overlooked => high degree of spatial/temporal variation in drivers = variations in the way they contribute to declines";negative effect of drivers;CC, human activities;/
Mokany, K. & Ferrier, S. Predicting impacts of climate change on biodiversity: a role for semi-mechanistic community-level modelling. Diversity and Distributions 17, 374–380 (2011).;Review methods;/;/;2011;/;/;/;/;/;/;/;/;/;/;Review of biodiversity modelling approaches (mechanistic + non-mechanistic), most common = SDM (species level) and turnover (community model) → semi-mechanistic (=correlation (non mecha) + dispersal, interactions (mecha)) at community-level could bring new insigths to study impact of CC;irrelevant;No;/
Collen, B. et al. Monitoring Change in Vertebrate Abundance: the Living Planet Index. Conservation Biology 23, 317–327 (2009).;Biodiversity analysis;top-down;trend;2009;1970-2003;Africa, America, Asia, Europe, Oceania;mammals, birds, amphibians, reptiles;1411;4218;Aggregation;Abundance;LPI, GAM;indicators;index;Decline;decreasing trends;No;/
Jacobsen, N. S. & Essington, T. E. Natural mortality augments population fluctuations of forage fish. Fish and Fisheries 19, 791–797 (2018).;Biodiversity analysis;top-down;trend;2018;unknown;Marine;fishes;10;unknown;Aggregation;Abundance, biomass;Biomass production model;population model;population dynamics model;Both increase and decrease, natural mortality increases both trends;mixed trends;No;/
Hernández Plaza, M. E., Navarrete, L., Lacasta Dutoit, C. & González-Andújar, J. L. Fluctuations in plant populations: Role of exogenous and endogenous factors. (2012).;Biodiversity analysis;top-down;drivers;2012;unknown;unknown;plants;29;29;Aggregation;Abundance;Standard deviation, Lyapunov exponent, ACF, PRCF;CC;CC;Most of the analysed populations tended to convergetowards  stable  dynamics, only four of the data sets analysed were related to any of the environmental factors considered, 19/29 populations neither indo- nor exogenous regulation was identified as a potential explanation for their dynamic;it depends;CC, indogenous factors;λ=Lyapunov exponent=indicates stable (<0) or chaotic (>0) dynamics
Rull, V. Community ecology: diversity and dynamics over time. Community Ecology 13, 102–116 (2012).;Review methods;/;/;2012;/;/;/;/;/;/;/;/;/;/;Need paleoecology (=deep-time & Q-time) for understanding origin of species, extinction and causes, origin of biodiv patterns, niche conservatism, dispersal and migration, intraspecific microevolution, community assembly/succession, stability and resilience, response to environmental changes + contribution of molecular phylogenetics;irrelevant;No;/
Brook, B. W., Traill, L. W. & Bradshaw, C. J. A. Minimum viable population sizes and global extinction risk are unrelated. Ecol Lett 9, 375–382 (2006).;Biodiversity analysis;top-down;drivers;2006;unknown;unknown;unknown;1198;5000;GPDD;Abundance;Several models (ricker logistic, gompertz logistic, theta growth) to estimate MVP (minimum viable population size), GLMM;anthropogenic;anthropogenic;Median MVP estimate was 1377, MVPs were most strongly related to local environmental variation than intrinsic drivers;negative effect of drivers;Threat Index, Geographic range, Human impact;/
Gamelon, M., Sandercock, B. K. & Sæther, B.-E. Does harvesting amplify environmentally induced population fluctuations over time in marine and terrestrial species? Journal of Applied Ecology 56, 2186–2194 (2019).;Review biodiversity;bottom-up;drivers;2019;/;/;/;/;/;/;/;/;/;/;"Harvest impact on population fluctuations : populations fluctuate more, increases risk of extinction (by modifying pop structure in time and space) ; harvesting amplifies environmental changes effect on pop variability in marine systems but not terrestrial ones";negative effect of drivers;Harvesting;/
Cowlishaw, G., Pettifor, R. A. & Isaac, N. J. B. High variability in patterns of population decline: the importance of local processes in species extinctions. Proceedings of the Royal Society B: Biological Sciences 276, 63–69 (2009).;Biodiversity analysis;top-down;drivers;2009;unknown;Africa, America, Asia ;unknown;66;293;Aggregation;Other;Count of existing, GLMM;anthropogenic;anthropogenic;"On average most species populations decline following logging ; at the local level, the nature of the site can explain as much variation in patterns of population decline as the biology of the species";negative effect of drivers;Selective logging;Other = response ratio, r=1 no change in abundance, r>1 increase, r<1 decrease, r=0 extinction
Short, F. T. et al. Extinction risk assessment of the world’s seagrass species. Biological Conservation 144, 1961–1971 (2011).;Biodiversity analysis;top-down;trend;2011;unknown;Africa, America, Asia, Europe, Oceania;plants;72;72;Aggregation;Other;IUCN Red List Assessment Process;indicators;index;10 seagrass species risk of extinction (14%), 31 % declining, 40 % stable, 7 % increase (rest unknown=DD);mixed trends;No;"Other = Trends (from external database), occupancy area ; Trends accessed through Global Seagrass Trajectories Database"
Bhowmick, A. R., Sardar, T. & Bhattacharya, S. Estimation of growth regulation in natural populations by extended family of growth curve models with fractional order derivative: Case studies from the global population dynamics database. Ecological Informatics 53, 100980 (2019).;Method analysis;/;/;2019;unknown;unknown;mammals, birds;4;4;GPDD;Abundance;ODE and FDE w/ exponential, logistic, teta-logistic … models;;;"Synergistic interplay between memory and stability in natural populations ; adding memory = new insigths for conservation";irrelevant;No;/
Stranga, Y. & Katsanevakis, S. Eight years of BioInvasions Records: patterns and trends in alien and cryptogenic species records. BioInvasions Records 12, (2021).;Review biodiversity;bottom-up;trend;2021;/;Africa, America, Asia, Europe, Oceania;/;628;10457;Aggregation;/;/;/;/;Review publications in BIR (journal BioInvasions Records), increase number of countries where invasive species recorded, most common pathway of introduction = transport stowaway;increasing trends;No;"Bias Europe/North America +++ ; marine +"
Shelton, A. O. & Mangel, M. Fluctuations of fish populations and the magnifying effects of fishing. PNAS 108, 7075–7080 (2011).;Biodiversity analysis;top-down;drivers;2011;unknown;Marine;fishes;45;222;Aggregation;Biomass;Biomass production model;anthropogenic;anthropogenic;Not the effect of fisheries at species level that causes the dynamics but more the variation in environmental conditions;no/positive effect of drivers;Fisheries;/
Daskalova, G. N., Myers-Smith, I. H. & Godlee, J. L. Rare and common vertebrates span a wide spectrum of population trends. Nat Commun 11, 4394 (2020).;Biodiversity analysis;top-down;trend;2020;1970-2014;Africa, America, Asia, Europe, Oceania;mammals, birds, amphibians, reptiles;2084;9286;LPD;Abundance, others;SSM, GLMM;population model;statistical model;15% declined, 18% increased, 67% no net changes;mixed trends;No;/
McGowan, P., Owens, L. & Grainger, M. Galliformes science and species extinctions: What we know and what we need to know. Animal Biodiversity and Conservation 35.2, 321–331 (2012).;Review biodiversity;bottom-up;trend;2012;/;/;birds;/;/;/;/;/;/;/;26% of Galliformes species at risk of extinction (12% all  bird species);decreasing trends;No;/
Parmesan, C. & Yohe, G. A globally coherent fingerprint of climate change impacts across natural systems. Nature 421, 37–42 (2003).;Biodiversity analysis;bottom-up;drivers;2003;unknown;unknown;mammals, birds, amphibians, reptiles, fishes, insects, invertebrates, plants;1723;unknown;Aggregation;Other;Probabilistic model;CC;CC;Signif range shifts 6.1 km/decade towards the poles, significant mean advancement of spring events by 2.3 days/decade. Probabilistic model : if CC not the only possible causal agent, proba that it’s the principal one between 0,35 and 0,7. Very high confidence (>95%) in a global climate change fingerprint.;negative effect of drivers;CC;"Other = Phenological/Distribution and abundance shifts ; Economists view vs biologists view of correlation analysis. Economists’ measure—the estimated proportion of observed changes for which climate trends are the principal drivers—to data sets chosen using biologists’ criteria. We call this a ‘global coherence’ approach to the detection of climate change impacts. Different number of species depending on the analysis"
Buschke, F., Hagan, J., Santini, L. & Coetzee, B. Random population fluctuations bias the Living Planet Index. Nature Ecology & Evolution 5, (2021).;Method analysis;/;/;2021;1970-2015;unknown;unknown;unknown;15348;LPD;Abundance;LPI;;;random fluctuations exaggerate declines in the global LPI by 9.6%;irrelevant;No;/
Magera, A. M., Flemming, J. E. M., Kaschner, K., Christensen, L. B. & Lotze, H. K. Recovery Trends in Marine Mammal Populations. PLOS ONE 8, e77908 (2013).;Biodiversity analysis;top-down;trend;2013;1800-2008;Marine;mammals;47;182;Aggregation;Abundance;Linear regression;population model;statistical model;increase 42%, decrease 10%, no change 28%, unknown 20% = more marine mammal populations are recovering than not;mixed trends;No;Full temporal range = 1800-2008, most pop more recent though (+ when 1800 = only 2/3 points)
Marsh, D. M. Fluctuations in amphibian populations: a meta-analysis. Biological Conservation 101, 327–335 (2001).;Biodiversity analysis;bottom-up;trend;2001;unknown;America, Europe;amphibians;unknown;69;Other;Abundance;CV, GLMM;indicators;moment;Longer TS = more fluctuations, higher latitude = less fluctuations, terrestrial repro = less fluctuation than aquatic;it depends;No ;/
Bennett, N. J., Blythe, J., Tyler, S. & Ban, N. C. Communities and change in the anthropocene: understanding social-ecological vulnerability and planning adaptations to multiple interacting exposures. Reg Environ Change 16, 907–926 (2016).;Review biodiversity;bottom-up;drivers;2016;/;/;/;/;/;/;/;/;/;/;Species range shifts, reduced thermal optima, coral bleaching, ecosystem changes, invasive species, diseases and biodiversity loss in response to CC;negative effect of drivers;CC;/
Reading, C. J. et al. Are snake populations in widespread decline? Biol Lett 6, 777–780 (2010).;Biodiversity analysis;top-down;trend;2010;1985-2010;Africa, Europe, Oceania;reptiles;8;17;Aggregation;Abundance;Linear regression;population model;statistical model;Decline;decreasing trends;No;/
García-Carreras, B. & Reuman, D. An empirical link between the spectral colour of climate and the spectral colour of field populations in the context of climate change. The Journal of animal ecology 80, 1042–8 (2011).;Biodiversity analysis;top-down;drivers;2011;1901-1995;Africa, America, Asia, Europe, Oceania;mammals, birds, fishes, insects;72;147;GPDD;Abundance;Spectral color;CC;CC;Oscillations in environmental is linked to oscillations in population time series. More and more « high-frequency » oscillations;negative effect of drivers;CC;May be interesting to measure variability
Meerhoff, M. et al. Environmental Warming in Shallow Lakes: A Review of Potential Changes in Community Structure as Evidenced from Space-for-Time Substitution Approaches. Advances in Ecological Research 46, (2012).;Review biodiversity;bottom-up;drivers;2012;/;/;fishes;/;/;/;/;SFTS;/;/;"Decreasing SR/biomass in shallow lakes w/ latitude (except for zooplankton = inverse) ; mean body size decrease with increasing temperatures (fishes)";it depends;No;/
Loh, J. et al. The Living Planet Index: using species population time series to track trends in biodiversity. Philosophical Transactions of the Royal Society B: Biological Sciences 360, 289–295 (2005).;Biodiversity analysis;top-down;trend;2005;1970-2000;Africa, America, Asia, Europe, Oceania;mammals, birds, amphibians, reptiles, fishes;1127;3000;LPD;Abundance;LPI;indicators;index;Decline;decreasing trends;No;/
CLIMATE CHANGE EFFECTS ON WILDLIFE POPULATIONS;Biodiversity analysis;bottom-up;drivers;2009;1990-2007;unknown;mammals, birds, amphibians, reptiles, fishes, insects;44;47;Aggregation;Abundance;Meta-analysis, binomial logistic regression;CC;CC;"73 % of the studies = negative CC effects ; advantage of short-lived species (structural adaptation hypothesis)";negative effect of drivers;CC;/
Stephens, P. A. et al. Consistent response of bird populations to climate change on two continents. Science (2016).;Biodiversity analysis;top-down;trend;2016;1980-2010;America, Europe;birds ;525;525;Aggregation;Abundance;Index (Climate Impact Index, own method);indicators;index;In average : decline in europe, stable in north america. Species predicted to benefit from increasing temperatures tended to increase, whereas those predicted to be negatively affected declined. CC affect species in wide ranges.;mixed trends;CC;/
Houllier, F. A propos des modèles de la dynamique des peuplements hétérogènes : structures, processus démographiques et mécanismes de régulation. Revue d’Ecologie, Terre et Vie 50, 273–282 (1995).;Review methods;/;/;1995;/;/;/;/;/;/;/;/;/;/;Review of methods and models used to describe and simulate the dynamics of heterogeneous settlements (eg dense rainforests). Global production models, discrete time demographic models, individual growth models…;irrelevant;No;/
Large numbers of vertebrates began rapid population decline in the late 19th century;Biodiversity analysis;top-down;trend;2016;unknown;unknown;mammals, birds, amphibians, reptiles, fishes;2764;2764;Aggregation;Other;Demographic model;population model;population dynamics model;∼25% population decline every 10 y in threatened vertebrate species;decreasing trends;No;Other= Genetic diversity
Palomares, M. L. D. et al. Fishery biomass trends of exploited fish populations in marine ecoregions, climatic zones and ocean basins. Estuarine, Coastal and Shelf Science 243, 106896 (2020).;Biodiversity analysis;top-down;trend;2020;1950-2014;Marine;fishes, invertebrates;483;1320;Aggregation;Biomass;Bayesian CMSY stock assessment method;population model;population dynamics model;Decline;decreasing trends;No;/
Sau, A., Saha, B. & Bhattacharya, S. An extended stochastic Allee model with harvesting and the risk of extinction of the herring population. Journal of Theoretical Biology 503, 110375 (2020).;Biodiversity analysis;top-down;drivers;2020;unknown;Marine;fishes;4;4;GPDD;Abundance;Theta-logistic vs Allee effect w/ stochasticity (own model) incorporating harvesting;anthropogenic;anthropogenic;Extinction risk underestimated when harvesting not taken into account;negative effect of drivers;Harvesting;/
Done, T. J. Coral Community Adaptability to Environmental Change at the Scales of Regions, Reefs and Reef Zones. American Zoologist 39, 66–79 (1999).;Review biodiversity;bottom-up;drivers;1999;/;/;invertebrates;/;/;/;/;/;/;/;"Impact of increase in temperature/sea level/atm CO2 on coral community trajectories ; responses = physiologic (greater diversity = greater breadth of tolerance), turnover, shift from r to K ";negative effect of drivers;CC;/
Kitzes, J. & Harte, J. Predicting extinction debt from community patterns. Ecology 96, 2127–2136 (2015).;Biodiversity analysis;top-down;trend;2015;2000-2000;Africa, America, Asia, Oceania;birds, plants;unknown;25;Aggregation;Abundance, SR;Prediction models (direct extinction + extinction debt);population model;population dynamics model;Birds : 0-5 % direct extinctions, 30-50 % long-term extinction rate => actually threatened bird species may be saved, plants : 5-14 % direct, no debt;decreasing trends;No;/
Capdevila, P., Noviello, N., McRae, L., Freeman, R. & Clements, C. F. Global patterns of resilience decline in vertebrate populations. Ecology Letters 25, 240–251 (2022).;Biodiversity analysis;top-down;trend;2022;1970-2015;Africa, America, Asia, Europe, Oceania;mammals, birds, amphibians, reptiles, fishes;1068;2434;LPD;Abundance, others;Resistance and recovery through growth rate, SSM (linear trends) in res and rec;population model;statistical model;Decline in both resilience & recovery, resilience declining mostly through decrease in rec rather than their res;decreasing trends;No;/
Wang, J., Soininen, J. & Heino, J. Ecological indicators for aquatic biodiversity, ecosystem functions, human activities and climate change. Ecological Indicators 132, 108250 (2021).;Review biodiversity;bottom-up;drivers;2021;/;Europe, Asia;fishes, invertebrates;/;/;/;/;/;/;/;influence of human activities and climate changes on aquatic biodiversity (mostly negative impacts, homogenization);negative effect of drivers;CC, human activities;/
Williams, J. J., Freeman, R., Spooner, F. & Newbold, T. Vertebrate population trends are influenced by interactions between land use, climatic position, habitat loss and climate change. Global Change Biology 28, 797–815 (2022).;Biodiversity analysis;top-down;trend;2022;1992-2015;Africa, America, Asia, Europe, Oceania;mammals, birds, amphibians, reptiles;423;7123;Biotime, LPD;Abundance;Average logged annual rate of population change (sort of linear model), GAM, GLMM;population model;statistical model;Sligth decline;decreasing trends;LUC, CC;Only terrestrial
Williams, J. J., Freeman, R., Spooner, F. & Newbold, T. Vertebrate population trends are influenced by interactions between land use, climatic position, habitat loss and climate change. Global Change Biology 28, 797–815 (2022).;Biodiversity analysis;top-down;drivers;2022;1992-2015;Africa, America, Asia, Europe, Oceania;mammals, birds, amphibians, reptiles;423;7123;Biotime, LPD;Abundance;Average logged annual rate of population change (sort of linear model), GAM, GLMM;anthropogenic;anthropogenic;Sligth decline;negative effect of drivers;LUC, CC;Only terrestrial
Pouteau, R. et al. Environmental and socioeconomic correlates of extinction risk in endemic species. Diversity and Distributions 28, 53–64 (2022).;Biodiversity analysis;bottom-up;drivers;2022;unknown;Africa, America, Asia, Europe, Oceania;mammals, birds, amphibians, reptiles, fishes, invertebrates, plants;27294;27294;Other;Index;Structural equation models (SEM);anthropogenic;anthropogenic;IoT strongly correlated w/her directly or indirectly, with (eni (+)c pressures, ma (-), DP, roadless area and (+))number of invasive alien plants several anthropogenic pressures, mainly per area GDP, roadless area and number of invasive alien plants ;negative effect of drivers;CC, LUC, invasive species, GDP…;Index = Index of Threat (IoT) , SEMs to test hypothesized connections linking country-level environmental and socioeconomic variables related to anthropogenic pressures, mitigation measures and data limitations (predictor variables) and the proportion of threatened endemic species in each country (response variables) or inter- linking country-level environmental and socioeconomic variables
Branquinho, C., Serrano, H., Nunes, A., Pinho, P. & Matos, P. Essential Biodiversity Change Indicators for Evaluating the Effects of Anthropocene in Ecosystems at a Global Scale. In 137–163 (2019).;Review biodiversity;bottom-up;drivers;2019;/;/;/;/;/;/;/;/;/;/;low intensity drivers influence fitness, Biodiversity Change Metrics ecophysiological-based/ intermediate intensity : trait-based (sensitive vs tolerant species) / strong intensity : decreases in abundance and species loss, taxonomic-based (SR + beta div);negative effect of drivers;No;EVB = genetic composition,” “species populations,” “species traits,” “community composition,” “ecosystem structure,” and “ecosystem function”  Complexity of biodiv =different taxa, species diversity, complex ecological interactions, numerous pressures acting synergistically… obstacles to have limited number of variables to measure+ documenting & quantifying biodiv change huge challenge due to sparse/biaised data and general lack of agreed international standards (information gaps, geo/temp/taxo biases. Most data less biodiv area = NA/Europe, vertebrates > other taxa)
Yan, Y. et al. Evaluation of the influence of ENSO on tropical vegetation in long time series using a new indicator. Ecological Indicators 129, 107872 (2021).;Biodiversity analysis;top-down;trend;2021;1982-2018;Africa, America, Asia ;plants;unknown;unknown;Aggregation;Index;VERI;indicators;index;"overall enhancement of tropical vegetation BUT Bsignificant trend of vegetation degradation in northeast Brazil; five regions of positive correlation ENSO/NDVI and five negative, positive associated w/ increasing precipitation and decreasing temp and neg w/ inc T°/ dec pre";it depends;No;"Index = Normalized difference vegetation index (NDVI) ; VERI = Vegetation ENSO Response Index, ENSO = El Nino Southern Oscillations"
Zizka, A., Andermann, T. & Silvestro, D. IUCNN – Deep learning approaches to approximate species’ extinction risk. Diversity and Distributions 28, 227–241 (2022).;Method analysis;/;/;2022;unknown;unknown;plants;14093;14093;GBIF;Abundance;Neural network (deep learning);;;R package to improve RL extinction risk assessment;irrelevant;No;Overcome bias in extinction risk assessment : 68 % vertebrate species evaluated at least once, only 7 % plants, 2 % invertebrates, <1 % fungi & protists
McCallum, M. L. Vertebrate biodiversity losses point to a sixth mass extinction. Biodivers Conserv 24, 2497–2519 (2015).;Biodiversity analysis;bottom-up;trend;2015;1500-2012;Africa, America, Asia, Europe, Oceania;mammals, birds, amphibians, reptiles, fishes;64283;64283;Other;Index;Fuzzy arithmetic;indicators;index;"Vertebrate extinction 24-85 times faster since 1500 than during cretaceous mass extinction ; 71-297 times faster since 1980";decreasing trends;No;"Data = Red List data, Index = RLI ; compare previously published estimates of vertebrate extinction during the K–Pg extinction to post-1500 and post-1980 extinction data in the IUCN Red List 2012 ; 20% vertebrates extinction since 1980, 31% amphibians ; 10,4 % birds ; 3,8 % mammals ; 18,2 % reptiles ; 47 % fishes"
He, F. et al. The global decline of freshwater megafauna. Global Change Biology 25, 3883–3892 (2019).;Biodiversity analysis;top-down;trend;2019;1970-2012;Africa, America, Asia, Europe, Oceania;mammals, amphibians, reptiles, fishes;126;639;Aggregation;Abundance;LPI;indicators;index;88 % decline;decreasing trends;No;/
Sánchez-Bayo, F. & Wyckhuys, K. A. G. Further evidence for a global decline of the entomofauna. Austral Entomology 60, 9–26 (2021).;Review biodiversity;bottom-up;trend;2021;/;/;/;/;/;/;/;/;/;/;37 % decline, 18 % increase;mixed trends;No;/
Terry, J. C. D., O’Sullivan, J. D. & Rossberg, A. G. Synthesising the multiple impacts of climatic variability on community responses to climate change. Ecography n/a, e06123.;Review biodiversity;bottom-up;drivers;2022;/;/;/;/;/;/;/;/;/;/;"respective roles of variability in environnment and competitors (covariation of the two) ; variability in env mainly negative consequences in single population growth rate but shiftingcommunity from one state to another,not clear positive/negative";it depends;CC;/
WWF. Living Planet Report 2020 - Bending the curve of biodiversity loss. Almond, R.E.A., Grooten M. and Petersen, T. (Eds). WWF, Gland, Switzerland (2020).;Report;top-down;trend;2020;1970-2016;Africa, America, Asia, Europe, Oceania;mammals, birds, amphibians, reptiles;4392;20811;LPD;Abundance and others;LPI;/;/;Decline (67 % terrestrial vertebrates since 1970);decreasing trends;No;/
Pörtner, H.-O. et al. IPBES-IPCC co-sponsored workshop report on biodiversity and climate  change. https://zenodo.org/record/5101133 (2021) doi:10.5281/zenodo.5101133.;Report;bottom-up;drivers;2021;/;/;/;/;/;/;/;/;/;/;"Mutual reinforcing of CC and biodiv loss = resolving either issue requires consideration of the other ; Previous policy tackled problems indenpendently while should be considered simultaneously (measures focused on climate mitigation may have negative impacts on biodiversity / measures focus on protection/restoration of biodiversity sub-optimal benefits for climate mitigation) ; treating climate/biodiversity/human society as coupled system key to succesful outcomes from policy interventions (maximize co-benefits / minimize trade-offs)";negative effect of drivers;CC;/
IPBES;Report;bottom-up;trend;2019;/;/;/;/;/;/;/;/;/;/;"Decline (20 % since 1900 ; 40 % amphibians, 33 % corals), 1 million species threatened with extinction. Impact of human activities +++ ";decreasing trends;No;"145 experts from 50 countries ; 15000 scientific references ; evaluates the changements that occured during the last 5 years and gives a complete overview of the relationship between economic dev trajectories and their impact on nature"
IUCN;Report;top-down;trend;2019;/;/;/;/;/;/;/;/;/;/;28 % IUCN species threatened w/ extinction (amphibians 41 %, sharks 31 %, corals 33%), 10 % increased extinction risks since 1990 (RLI);decreasing trends;No;/
